feature,importance,relative_importance_pct
FACTOR15_V9,0.055524293,5.552429
FACTOR6_V19,0.034354765,3.4354765
PC2,0.011057287,1.1057287
FACTOR16_V12,0.009682795,0.9682795
FACTOR5_V2,0.009644707,0.9644707
PC36,0.009323002,0.9323002
PC12,0.009189481,0.9189481
PC53,0.009062579,0.90625787
PC145,0.00883326,0.88332605
PC85,0.008511498,0.85114974
PC42,0.008395021,0.8395021
PC15,0.008335524,0.8335524
PC82,0.008253469,0.8253469
PC24,0.00809071,0.809071
FACTOR2_V2,0.008027332,0.8027332
PC138,0.008024345,0.8024345
PC18,0.007990398,0.79903984
PC147,0.007821943,0.78219426
PC13,0.007720016,0.7720016
PC73,0.007473561,0.7473561
PC57,0.0073724478,0.7372448
PC27,0.007360637,0.7360637
PC14,0.007339507,0.7339507
PC31,0.007173458,0.71734583
FACTOR5_V1,0.0069307387,0.69307387
PC113,0.006884437,0.6884437
PC107,0.006866592,0.6866592
PC102,0.0067964643,0.67964643
PC55,0.006678772,0.6678772
PC39,0.0066001643,0.6600164
PC150,0.006534335,0.6534335
PC86,0.006479242,0.6479242
FACTOR2_V9,0.0064324564,0.64324564
PC122,0.0064121154,0.64121157
PC157,0.0064020474,0.6402047
PC47,0.006349123,0.6349123
PC1,0.006329758,0.6329758
FACTOR6_V6,0.006296622,0.6296622
PC21,0.006207126,0.62071264
PC80,0.006189451,0.6189451
PC43,0.0060396884,0.60396886
PC143,0.0060252016,0.60252017
PC96,0.005955632,0.5955632
PC77,0.0059288763,0.59288764
PC61,0.005895404,0.5895404
PC72,0.0058055227,0.5805523
PC142,0.0057464666,0.57464665
PC109,0.00568579,0.568579
PC99,0.005675004,0.5675004
PC51,0.0056702774,0.56702775
PC8,0.005663343,0.56633425
PC91,0.005584025,0.5584025
FACTOR1_V3,0.0055111516,0.55111516
PC126,0.0055044782,0.5504478
PC154,0.005453921,0.5453921
PC22,0.005377157,0.53771573
PC66,0.00532626,0.532626
FACTOR1_V15,0.005289767,0.5289767
PC10,0.005252897,0.52528965
PC20,0.005221147,0.5221147
PC75,0.0052096536,0.52096534
PC25,0.0051943194,0.51943195
PC140,0.005119156,0.5119156
PC71,0.0051149684,0.51149684
PC112,0.0050749,0.50749004
PC34,0.0049542133,0.49542132
PC141,0.00494501,0.494501
PC119,0.00493112,0.49311203
PC95,0.0048923353,0.48923352
PC46,0.0048838756,0.48838755
FACTOR1_V10,0.0048635397,0.48635396
PC152,0.004855676,0.4855676
PC41,0.004843825,0.4843825
PC118,0.0048256475,0.48256475
PC148,0.0047891513,0.47891513
PC69,0.0047814054,0.47814053
PC33,0.004729815,0.47298148
PC117,0.004729063,0.4729063
PC65,0.0047062044,0.47062045
PC121,0.0046785073,0.46785074
PC153,0.0046228506,0.46228504
PC44,0.0045821145,0.45821145
PC58,0.0045652147,0.45652148
PC120,0.00455227,0.455227
PC81,0.0045497045,0.45497045
PC136,0.004538548,0.45385483
PC35,0.0045219706,0.45219707
FACTOR7_V3,0.004486537,0.4486537
PC125,0.0044766115,0.44766116
PC149,0.0044727563,0.44727564
PC135,0.004464218,0.4464218
FACTOR6_V9,0.0044070086,0.44070086
PC3,0.0044061136,0.44061136
PC130,0.0043898006,0.43898007
PC48,0.004367053,0.4367053
PC30,0.0043449798,0.43449798
PC111,0.004344732,0.43447322
PC133,0.004341284,0.43412837
PC40,0.00429609,0.429609
PC29,0.0042624343,0.42624342
PC79,0.0042307153,0.42307153
PC104,0.004172948,0.41729483
PC123,0.0041714273,0.41714275
PC93,0.00416174,0.41617402
PC155,0.00415522,0.415522
PC146,0.0041548526,0.41548526
PC50,0.0041350876,0.41350877
PC16,0.004132221,0.4132221
PC124,0.004111721,0.41117212
PC131,0.0040897275,0.40897274
PC90,0.004087888,0.40878883
PC89,0.0040653595,0.40653595
PC137,0.004062858,0.4062858
PC94,0.004056016,0.4056016
PC76,0.004023534,0.40235338
PC37,0.0040173726,0.40173727
FACTOR1_V14,0.0039636814,0.39636815
PC105,0.0039557265,0.39557266
FACTOR16_V15,0.0039233644,0.39233646
FACTOR4_V8,0.0039036835,0.39036834
PC134,0.003847715,0.3847715
PC98,0.0038447275,0.38447276
PC97,0.0038251472,0.38251472
PC106,0.0038226682,0.38226682
PC60,0.0038185262,0.38185263
PC11,0.0038081373,0.38081372
PC139,0.0037908745,0.37908745
PC17,0.003780998,0.3780998
PC7,0.0037711768,0.3771177
PC83,0.003762366,0.3762366
PC144,0.0037485291,0.37485293
PC74,0.0037378448,0.37378448
PC38,0.0037091868,0.3709187
PC100,0.003694451,0.3694451
PC4,0.003624765,0.3624765
PC59,0.0036029795,0.36029795
PC84,0.0035816387,0.35816386
FACTOR7_V2,0.0035404994,0.35404995
PC78,0.0035334604,0.35334605
PC115,0.0035034157,0.35034156
PC19,0.0034922047,0.34922048
PC129,0.0034856603,0.34856603
PC88,0.003484519,0.34845188
PC5,0.00347836,0.347836
PC63,0.0034678231,0.34678233
FACTOR12_V1,0.0034044455,0.34044454
PC114,0.0033930568,0.33930567
PC156,0.0033560507,0.33560508
PC64,0.0033340282,0.3334028
FACTOR2_V13,0.0033155165,0.33155164
PC23,0.0032887387,0.32887387
PC92,0.0032613429,0.3261343
PC54,0.0032291533,0.32291535
FACTOR6_V18,0.0032108526,0.32108527
PC87,0.0031945535,0.31945536
FACTOR13_V11,0.003183902,0.3183902
PC56,0.003173605,0.31736052
PC70,0.003165178,0.3165178
PC108,0.0031644618,0.3164462
PC132,0.003137589,0.3137589
PC68,0.0031372379,0.31372377
PC128,0.0031332595,0.31332594
PC6,0.003131829,0.3131829
PC62,0.0031189418,0.31189418
PC159,0.0029968384,0.29968384
FACTOR15_V3,0.0028980428,0.28980428
PC28,0.0028707895,0.28707895
PC160,0.002823958,0.28239578
PC67,0.0028199137,0.28199136
PC110,0.00281622,0.281622
PC158,0.002764367,0.27643672
PC49,0.0027350157,0.27350157
FACTOR10_V3,0.0027140658,0.2714066
FACTOR6_V10,0.0026913276,0.26913276
PC45,0.0026722976,0.26722977
FACTOR6_V17,0.0026397386,0.26397386
PC101,0.0026276836,0.26276836
FACTOR12_V2,0.0025970277,0.25970277
FACTOR12_V3,0.0025882528,0.25882527
PC32,0.0024360009,0.24360009
PC151,0.0023616923,0.23616922
FACTOR18_V2,0.002328563,0.2328563
FACTOR1_V12,0.0021845174,0.21845174
FACTOR2_V10,0.0021740557,0.21740557
PC103,0.002143127,0.21431269
FACTOR13_V5,0.0020699527,0.20699526
FACTOR4_V9,0.0017912325,0.17912325
FACTOR6_V13,0.001765186,0.17651859
FACTOR4_V7,0.0017395666,0.17395666
FACTOR14_V19,0.0017370204,0.17370205
PC127,0.0017354054,0.17354055
FACTOR4_V6,0.0016160333,0.16160333
PC116,0.0016132208,0.16132207
FACTOR16_V4,0.0015815472,0.15815473
FACTOR4_V10,0.0015194837,0.15194838
PC26,0.0015158609,0.15158609
FACTOR16_V7,0.001509746,0.1509746
PC9,0.001477562,0.1477562
FACTOR16_V11,0.0014086671,0.14086671
PC52,0.0013897364,0.13897364
FACTOR6_V8,0.0013862104,0.13862105
FACTOR14_V8,0.0009976348,0.09976348
FACTOR13_V7,0.00090473145,0.090473145
FACTOR14_V10,0.00084987306,0.084987305
FACTOR1_V18,0.00083624886,0.083624884
FACTOR15_V14,0.0008346279,0.08346279
FACTOR16_V17,0.00075722596,0.0757226
FACTOR4_V12,0.00044192543,0.04419254
FACTOR4_V16,0.00016576984,0.016576985
FACTOR17_V2,0.00012728835,0.012728835
FACTOR3_V2,0.0,0.0
FACTOR2_V8,0.0,0.0
FACTOR4_V11,0.0,0.0
FACTOR4_V1,0.0,0.0
FACTOR2_V16,0.0,0.0
FACTOR2_V15,0.0,0.0
FACTOR1_V8,0.0,0.0
FACTOR2_V14,0.0,0.0
FACTOR2_V11,0.0,0.0
FACTOR2_V1,0.0,0.0
FACTOR1_V9,0.0,0.0
FACTOR1_V4,0.0,0.0
FACTOR1_V7,0.0,0.0
FACTOR1_V6,0.0,0.0
FACTOR1_V1,0.0,0.0
FACTOR1_V11,0.0,0.0
FACTOR1_V16,0.0,0.0
FACTOR1_V5,0.0,0.0
FACTOR1_V2,0.0,0.0
FACTOR1_V13,0.0,0.0
FACTOR1_V17,0.0,0.0
FACTOR17_V1,0.0,0.0
FACTOR18_V1,0.0,0.0
FACTOR17_V6,0.0,0.0
FACTOR17_V5,0.0,0.0
FACTOR18_V4,0.0,0.0
FACTOR18_V7,0.0,0.0
FACTOR18_V6,0.0,0.0
FACTOR18_V5,0.0,0.0
FACTOR18_V8,0.0,0.0
FACTOR16_V8,0.0,0.0
FACTOR17_V3,0.0,0.0
FACTOR17_V4,0.0,0.0
FACTOR16_V9,0.0,0.0
FACTOR2_V3,0.0,0.0
FACTOR2_V4,0.0,0.0
FACTOR6_V15,0.0,0.0
FACTOR6_V16,0.0,0.0
FACTOR4_V19,0.0,0.0
FACTOR4_V18,0.0,0.0
FACTOR4_V17,0.0,0.0
FACTOR6_V4,0.0,0.0
FACTOR6_V20,0.0,0.0
FACTOR6_V3,0.0,0.0
FACTOR6_V5,0.0,0.0
FACTOR6_V2,0.0,0.0
FACTOR8_V2,0.0,0.0
FACTOR8_V1,0.0,0.0
FACTOR6_V12,0.0,0.0
FACTOR6_V14,0.0,0.0
FACTOR6_V11,0.0,0.0
FACTOR5_V3,0.0,0.0
FACTOR5_V4,0.0,0.0
FACTOR6_V1,0.0,0.0
FACTOR4_V5,0.0,0.0
FACTOR4_V20,0.0,0.0
FACTOR4_V3,0.0,0.0
FACTOR4_V4,0.0,0.0
FACTOR4_V2,0.0,0.0
FACTOR4_V15,0.0,0.0
FACTOR4_V14,0.0,0.0
FACTOR4_V13,0.0,0.0
FACTOR13_V10,0.0,0.0
FACTOR13_V1,0.0,0.0
FACTOR11_V4,0.0,0.0
FACTOR11_V5,0.0,0.0
FACTOR11_V2,0.0,0.0
FACTOR10_V4,0.0,0.0
FACTOR10_V1,0.0,0.0
FACTOR10_V2,0.0,0.0
FACTOR9_V1,0.0,0.0
FACTOR9_V2,0.0,0.0
FACTOR9_V4,0.0,0.0
FACTOR9_V3,0.0,0.0
FACTOR6_V7,0.0,0.0
FACTOR7_V4,0.0,0.0
FACTOR13_V3,0.0,0.0
FACTOR13_V2,0.0,0.0
FACTOR14_V14,0.0,0.0
FACTOR14_V13,0.0,0.0
FACTOR14_V17,0.0,0.0
FACTOR14_V15,0.0,0.0
FACTOR14_V18,0.0,0.0
FACTOR14_V2,0.0,0.0
FACTOR14_V20,0.0,0.0
FACTOR14_V16,0.0,0.0
FACTOR13_V6,0.0,0.0
FACTOR13_V8,0.0,0.0
FACTOR13_V9,0.0,0.0
FACTOR14_V1,0.0,0.0
FACTOR14_V11,0.0,0.0
FACTOR14_V12,0.0,0.0
FACTOR13_V4,0.0,0.0
FACTOR13_V12,0.0,0.0
FACTOR15_V10,0.0,0.0
FACTOR15_V1,0.0,0.0
FACTOR14_V9,0.0,0.0
FACTOR14_V7,0.0,0.0
FACTOR14_V5,0.0,0.0
FACTOR14_V6,0.0,0.0
FACTOR14_V4,0.0,0.0
FACTOR14_V3,0.0,0.0
FACTOR15_V18,0.0,0.0
FACTOR15_V19,0.0,0.0
FACTOR15_V12,0.0,0.0
FACTOR15_V11,0.0,0.0
FACTOR15_V15,0.0,0.0
FACTOR15_V16,0.0,0.0
FACTOR15_V17,0.0,0.0
FACTOR15_V13,0.0,0.0
FACTOR15_V7,0.0,0.0
FACTOR15_V6,0.0,0.0
FACTOR15_V5,0.0,0.0
FACTOR15_V4,0.0,0.0
FACTOR15_V20,0.0,0.0
FACTOR15_V2,0.0,0.0
FACTOR15_V8,0.0,0.0
FACTOR16_V1,0.0,0.0
FACTOR16_V13,0.0,0.0
FACTOR16_V10,0.0,0.0
FACTOR16_V16,0.0,0.0
FACTOR16_V14,0.0,0.0
FACTOR16_V2,0.0,0.0
FACTOR16_V3,0.0,0.0
FACTOR16_V5,0.0,0.0
FACTOR16_V6,0.0,0.0
