feature,importance_control_model,importance_treatment_model,combined_importance,differential_importance
FACTOR15_V9,0.028918574,0.03805934,0.033488955,0.009140765
FACTOR6_V19,0.009557694,0.027309043,0.01843337,0.01775135
FACTOR15_V3,0.015599876,0.01252522,0.014062548,0.0030746553
FACTOR15_V1,0.011888164,0.013120503,0.012504334,0.0012323391
PC1,0.014184209,0.007837961,0.011011085,0.006346247
PC135,0.008636595,0.01324315,0.010939872,0.004606555
PC53,0.011178131,0.008095053,0.009636592,0.0030830782
PC146,0.010371528,0.008543593,0.00945756,0.0018279348
PC15,0.010940966,0.007761584,0.009351275,0.003179382
PC138,0.010754113,0.00741636,0.009085236,0.003337753
FACTOR4_V10,0.01765046,0.0,0.00882523,0.01765046
PC18,0.007456377,0.0089960545,0.008226216,0.0015396774
PC14,0.007966728,0.008313448,0.008140088,0.00034672022
FACTOR2_V13,0.010347519,0.0055334563,0.007940488,0.0048140627
PC141,0.0077206856,0.008089752,0.007905219,0.00036906637
PC47,0.010019038,0.0054592025,0.00773912,0.0045598354
FACTOR7_V3,0.0,0.015280412,0.007640206,0.015280412
PC20,0.0074525326,0.00779734,0.0076249363,0.00034480728
PC48,0.009582453,0.0051661087,0.007374281,0.0044163447
PC30,0.0057354234,0.0089523615,0.0073438925,0.003216938
PC69,0.0056809434,0.008907204,0.0072940737,0.0032262602
PC104,0.009146043,0.0051899776,0.0071680103,0.0039560655
PC92,0.0085732415,0.0057447148,0.007158978,0.0028285268
PC82,0.008492118,0.0056010145,0.0070465663,0.0028911033
FACTOR6_V20,0.0023535225,0.01158103,0.0069672763,0.009227507
PC22,0.007415431,0.006302049,0.00685874,0.0011133822
PC41,0.006462334,0.0071507134,0.0068065235,0.00068837916
FACTOR5_V2,0.0,0.013237881,0.0066189403,0.013237881
PC142,0.0061560203,0.0070408587,0.0065984395,0.0008848384
PC76,0.008258317,0.004926411,0.006592364,0.0033319057
PC106,0.006672946,0.006493606,0.006583276,0.00017933967
PC65,0.0064995377,0.0065318085,0.0065156734,3.2270793e-05
PC12,0.008308377,0.004722475,0.006515426,0.003585902
PC156,0.00858622,0.0043582665,0.0064722435,0.004227954
PC133,0.004710228,0.008196436,0.006453332,0.0034862077
PC99,0.005396887,0.0074950643,0.006445976,0.002098177
PC91,0.007865364,0.004917111,0.0063912375,0.002948253
PC149,0.006772242,0.0059880223,0.0063801324,0.0007842197
PC19,0.0060348134,0.0066424594,0.0063386364,0.00060764607
PC97,0.006608069,0.006034379,0.006321224,0.00057369005
PC61,0.0061689992,0.0064646364,0.006316818,0.00029563718
PC3,0.0029158755,0.009593961,0.006254918,0.0066780853
PC121,0.0087501155,0.003756106,0.0062531107,0.0049940096
PC109,0.0028595559,0.009566043,0.0062127993,0.0067064865
PC78,0.007245823,0.0051466143,0.0061962185,0.0020992085
PC114,0.009767087,0.0024670972,0.0061170924,0.00729999
PC51,0.0054602283,0.0067493455,0.006104787,0.0012891172
PC111,0.006109394,0.0060088634,0.006059129,0.000100530684
PC102,0.0045751636,0.007419247,0.005997205,0.0028440836
PC36,0.0038728202,0.008027937,0.0059503787,0.004155117
PC107,0.008474156,0.0034185944,0.0059463754,0.0050555617
PC68,0.007858816,0.0040019564,0.005930386,0.0038568592
PC124,0.0058742017,0.00594034,0.005907271,6.613834e-05
PC63,0.0052501266,0.0065536187,0.0059018726,0.0013034921
PC90,0.004782965,0.007006081,0.005894523,0.0022231159
PC150,0.0041884477,0.0074714483,0.005829948,0.0032830006
PC148,0.008270367,0.003387982,0.0058291745,0.004882385
PC62,0.0076202755,0.0040293504,0.0058248127,0.0035909251
PC11,0.004208537,0.0073821037,0.0057953205,0.003173567
FACTOR12_V3,0.0,0.0115715405,0.0057857702,0.0115715405
PC58,0.005947106,0.005620962,0.005784034,0.00032614404
PC127,0.0072018043,0.0043454645,0.0057736346,0.0028563398
PC122,0.006769144,0.0046897135,0.0057294285,0.0020794305
PC140,0.0058848592,0.0055619897,0.0057234243,0.0003228695
PC123,0.00544339,0.005990405,0.0057168975,0.0005470151
PC159,0.0060480065,0.0053180717,0.0056830393,0.0007299348
PC45,0.0063339006,0.005017907,0.0056759035,0.0013159937
PC6,0.0047702054,0.0064888713,0.0056295386,0.0017186659
PC74,0.00694917,0.004303836,0.005626503,0.0026453342
PC81,0.0059422227,0.0052602626,0.0056012427,0.00068196
PC115,0.0038875756,0.0072933557,0.005590466,0.00340578
PC10,0.0047530797,0.0063740583,0.0055635693,0.0016209786
PC84,0.0058468645,0.005157623,0.0055022435,0.00068924157
PC126,0.0064735767,0.004523077,0.005498327,0.0019504996
PC129,0.0049984264,0.0059492285,0.0054738275,0.0009508021
PC73,0.0050276597,0.00587608,0.00545187,0.00084842043
PC21,0.0018924755,0.009006746,0.0054496108,0.0071142707
PC128,0.0046936823,0.0061659054,0.005429794,0.0014722231
FACTOR5_V1,0.0,0.010842438,0.005421219,0.010842438
PC152,0.003177333,0.0075791334,0.0053782333,0.0044018
PC25,0.0070383716,0.003709508,0.00537394,0.0033288635
PC54,0.0038682963,0.0068731187,0.0053707073,0.0030048224
PC4,0.007638124,0.002934485,0.0052863043,0.004703639
PC118,0.005762554,0.0046773558,0.005219955,0.001085198
PC66,0.0050608953,0.0053017116,0.0051813032,0.00024081627
PC70,0.006288369,0.0039424454,0.0051154075,0.0023459238
PC49,0.0049767173,0.0052454537,0.0051110853,0.0002687364
PC158,0.0054021045,0.0047774957,0.0050898,0.0006246087
PC13,0.0048260465,0.005348572,0.0050873095,0.0005225255
PC160,0.004535705,0.005607231,0.0050714677,0.0010715262
PC105,0.0052775936,0.0048212046,0.005049399,0.00045638904
PC52,0.0048254505,0.0052586696,0.0050420603,0.00043321913
PC16,0.0072748396,0.0027493872,0.0050121136,0.0045254524
PC72,0.004236899,0.0057414584,0.004989179,0.0015045595
PC34,0.0052897655,0.0046877824,0.0049887737,0.00060198316
PC137,0.0058114673,0.0041627483,0.0049871076,0.001648719
PC46,0.006122525,0.0038304755,0.0049765003,0.0022920494
PC37,0.004061117,0.005879314,0.0049702153,0.0018181973
PC100,0.006568139,0.0033478646,0.004958002,0.0032202743
PC39,0.004311117,0.0055467486,0.0049289325,0.0012356318
PC43,0.004930016,0.0049057356,0.004917876,2.428051e-05
PC132,0.0054260283,0.004380398,0.004903213,0.0010456303
PC55,0.004971808,0.0048163678,0.004894088,0.00015544007
PC79,0.0063706855,0.0033483857,0.0048595355,0.0030222998
PC26,0.005445842,0.004225185,0.0048355134,0.001220657
PC42,0.00858588,0.0010525761,0.004819228,0.0075333035
PC27,0.003662425,0.005949347,0.004805886,0.0022869217
PC67,0.005256627,0.004310892,0.00478376,0.00094573526
PC143,0.0059882086,0.003526835,0.0047575217,0.0024613736
PC44,0.006000305,0.0034779399,0.0047391225,0.0025223652
PC9,0.004386252,0.005055206,0.004720729,0.0006689541
PC153,0.0074313125,0.0019850426,0.0047081774,0.00544627
PC24,0.0044987,0.0047789435,0.004638822,0.00028024334
PC154,0.0,0.009241781,0.0046208906,0.009241781
FACTOR1_V10,0.005244106,0.003934956,0.004589531,0.0013091499
PC144,0.00432008,0.0047746957,0.004547388,0.0004546158
PC130,0.0048466693,0.0042081126,0.004527391,0.00063855667
PC88,0.0048130606,0.004221986,0.0045175236,0.0005910746
PC32,0.00639111,0.0026361465,0.0045136283,0.0037549634
PC7,0.0043719714,0.0046419916,0.0045069815,0.00027002022
PC95,0.0045949575,0.0043637776,0.0044793673,0.00023117987
PC57,0.0038646006,0.0050435932,0.004454097,0.0011789927
PC145,0.007400267,0.0014644692,0.004432368,0.0059357975
PC5,0.005429419,0.0033808441,0.0044051316,0.002048575
PC96,0.0037364427,0.0050402163,0.0043883296,0.0013037736
PC71,0.0045245886,0.0042261733,0.004375381,0.0002984153
PC28,0.00420128,0.0045331293,0.0043672044,0.00033184933
PC38,0.004413933,0.004318296,0.0043661147,9.563705e-05
PC89,0.0027245956,0.0059923963,0.004358496,0.0032678007
PC117,0.0048786495,0.0038333382,0.004355994,0.0010453113
PC103,0.0007101308,0.00797555,0.0043428405,0.0072654197
PC147,0.004736016,0.0038671768,0.0043015964,0.0008688392
PC151,0.0068192505,0.001772151,0.0042957007,0.0050470997
PC155,0.004614208,0.003975659,0.0042949338,0.00063854875
PC87,0.006069797,0.0023232163,0.004196507,0.0037465808
PC17,0.0036951662,0.0046583926,0.0041767797,0.0009632264
PC80,0.0059665767,0.0023859194,0.004176248,0.0035806573
PC86,0.002184772,0.006129363,0.0041570673,0.003944591
PC33,0.0050329035,0.0032340586,0.004133481,0.0017988449
PC116,0.00452938,0.003587266,0.004058323,0.0009421138
PC35,0.004821436,0.0032466813,0.0040340587,0.0015747547
PC31,0.0031807628,0.004846295,0.004013529,0.0016655321
PC108,0.006014104,0.0019761417,0.003995123,0.0040379623
PC93,0.0040302686,0.0039005985,0.0039654337,0.00012967014
PC125,0.0037733377,0.0041297833,0.0039515607,0.00035644555
PC2,0.0031970337,0.004695677,0.0039463555,0.0014986435
PC110,0.0031138244,0.004746088,0.003929956,0.0016322634
PC98,0.0041809496,0.003604423,0.0038926862,0.0005765266
PC8,0.0034573665,0.0041746083,0.0038159874,0.0007172418
PC120,0.0036608793,0.003956865,0.0038088723,0.00029598572
PC85,0.005075122,0.0025392878,0.003807205,0.0025358344
PC40,0.0049330946,0.0025415681,0.0037373314,0.0023915265
PC77,0.001225563,0.006221857,0.0037237098,0.004996294
PC119,0.0036589068,0.003679471,0.0036691888,2.0564301e-05
FACTOR13_V1,0.006962508,0.0,0.003481254,0.006962508
PC83,0.0028536983,0.0041072406,0.0034804693,0.0012535423
FACTOR1_V14,0.0,0.0067790747,0.0033895373,0.0067790747
PC136,0.003959044,0.002794363,0.0033767035,0.0011646808
PC75,0.0016332143,0.005034211,0.0033337127,0.0034009968
FACTOR1_V6,0.006598444,0.0,0.003299222,0.006598444
PC139,0.0065782215,0.0,0.0032891107,0.0065782215
PC157,0.0,0.006493255,0.0032466275,0.006493255
FACTOR16_V1,0.0064420016,0.0,0.0032210008,0.0064420016
PC112,0.0029720077,0.0034391591,0.0032055834,0.0004671514
FACTOR18_V2,0.0,0.0063989502,0.0031994751,0.0063989502
PC50,0.0063293343,0.0,0.0031646672,0.0063293343
PC23,0.0034721869,0.002720442,0.0030963144,0.00075174496
PC59,0.002953485,0.0032187875,0.0030861362,0.0002653026
PC134,0.0035819109,0.0025244665,0.0030531888,0.0010574444
PC101,0.0028482783,0.0032563624,0.0030523203,0.00040808413
PC94,0.0022741558,0.0034772903,0.002875723,0.0012031344
FACTOR18_V7,0.002716835,0.0027731608,0.0027449979,5.6325924e-05
PC56,0.0,0.0054492434,0.0027246217,0.0054492434
PC131,0.0020120302,0.0033252765,0.0026686534,0.0013132463
PC113,0.00067418005,0.004517312,0.0025957462,0.0038431322
PC60,0.0023489215,0.0028384875,0.0025937045,0.000489566
FACTOR11_V2,0.0,0.004647372,0.002323686,0.004647372
PC29,0.0,0.0040994035,0.0020497018,0.0040994035
FACTOR10_V3,0.0034291984,0.0,0.0017145992,0.0034291984
PC64,0.0029294146,0.00014870115,0.0015390579,0.0027807134
FACTOR17_V1,0.002903527,0.0,0.0014517636,0.002903527
FACTOR4_V9,0.0026899516,0.0,0.0013449758,0.0026899516
FACTOR1_V2,0.0020235032,0.0,0.0010117516,0.0020235032
FACTOR7_V4,0.0,0.0019646708,0.0009823354,0.0019646708
FACTOR13_V5,0.0,0.0018234906,0.0009117453,0.0018234906
FACTOR1_V17,0.0,0.0,0.0,0.0
FACTOR1_V3,0.0,0.0,0.0,0.0
FACTOR1_V18,0.0,0.0,0.0,0.0
FACTOR1_V4,0.0,0.0,0.0,0.0
FACTOR1_V16,0.0,0.0,0.0,0.0
FACTOR1_V12,0.0,0.0,0.0,0.0
FACTOR1_V11,0.0,0.0,0.0,0.0
FACTOR17_V5,0.0,0.0,0.0,0.0
FACTOR18_V5,0.0,0.0,0.0,0.0
FACTOR18_V6,0.0,0.0,0.0,0.0
FACTOR1_V1,0.0,0.0,0.0,0.0
FACTOR1_V13,0.0,0.0,0.0,0.0
FACTOR1_V15,0.0,0.0,0.0,0.0
FACTOR16_V7,0.0,0.0,0.0,0.0
FACTOR16_V8,0.0,0.0,0.0,0.0
FACTOR17_V4,0.0,0.0,0.0,0.0
FACTOR17_V3,0.0,0.0,0.0,0.0
FACTOR17_V2,0.0,0.0,0.0,0.0
FACTOR16_V9,0.0,0.0,0.0,0.0
FACTOR18_V1,0.0,0.0,0.0,0.0
FACTOR18_V8,0.0,0.0,0.0,0.0
FACTOR17_V6,0.0,0.0,0.0,0.0
FACTOR18_V4,0.0,0.0,0.0,0.0
FACTOR4_V12,0.0,0.0,0.0,0.0
FACTOR4_V11,0.0,0.0,0.0,0.0
FACTOR4_V1,0.0,0.0,0.0,0.0
FACTOR3_V2,0.0,0.0,0.0,0.0
FACTOR2_V9,0.0,0.0,0.0,0.0
FACTOR2_V8,0.0,0.0,0.0,0.0
FACTOR2_V4,0.0,0.0,0.0,0.0
FACTOR2_V3,0.0,0.0,0.0,0.0
FACTOR2_V2,0.0,0.0,0.0,0.0
FACTOR2_V16,0.0,0.0,0.0,0.0
FACTOR2_V15,0.0,0.0,0.0,0.0
FACTOR2_V14,0.0,0.0,0.0,0.0
FACTOR2_V11,0.0,0.0,0.0,0.0
FACTOR2_V10,0.0,0.0,0.0,0.0
FACTOR2_V1,0.0,0.0,0.0,0.0
FACTOR1_V9,0.0,0.0,0.0,0.0
FACTOR1_V8,0.0,0.0,0.0,0.0
FACTOR1_V7,0.0,0.0,0.0,0.0
FACTOR1_V5,0.0,0.0,0.0,0.0
FACTOR4_V3,0.0,0.0,0.0,0.0
FACTOR4_V6,0.0,0.0,0.0,0.0
FACTOR5_V3,0.0,0.0,0.0,0.0
FACTOR5_V4,0.0,0.0,0.0,0.0
FACTOR6_V1,0.0,0.0,0.0,0.0
FACTOR6_V10,0.0,0.0,0.0,0.0
FACTOR4_V19,0.0,0.0,0.0,0.0
FACTOR4_V4,0.0,0.0,0.0,0.0
FACTOR4_V7,0.0,0.0,0.0,0.0
FACTOR4_V8,0.0,0.0,0.0,0.0
FACTOR4_V2,0.0,0.0,0.0,0.0
FACTOR4_V17,0.0,0.0,0.0,0.0
FACTOR4_V13,0.0,0.0,0.0,0.0
FACTOR6_V17,0.0,0.0,0.0,0.0
FACTOR6_V16,0.0,0.0,0.0,0.0
FACTOR6_V15,0.0,0.0,0.0,0.0
FACTOR6_V14,0.0,0.0,0.0,0.0
FACTOR6_V13,0.0,0.0,0.0,0.0
FACTOR6_V12,0.0,0.0,0.0,0.0
FACTOR6_V11,0.0,0.0,0.0,0.0
FACTOR6_V2,0.0,0.0,0.0,0.0
FACTOR6_V5,0.0,0.0,0.0,0.0
FACTOR6_V6,0.0,0.0,0.0,0.0
FACTOR6_V8,0.0,0.0,0.0,0.0
FACTOR6_V7,0.0,0.0,0.0,0.0
FACTOR6_V9,0.0,0.0,0.0,0.0
FACTOR6_V3,0.0,0.0,0.0,0.0
FACTOR6_V4,0.0,0.0,0.0,0.0
FACTOR6_V18,0.0,0.0,0.0,0.0
FACTOR8_V2,0.0,0.0,0.0,0.0
FACTOR8_V1,0.0,0.0,0.0,0.0
FACTOR7_V2,0.0,0.0,0.0,0.0
FACTOR9_V1,0.0,0.0,0.0,0.0
FACTOR9_V4,0.0,0.0,0.0,0.0
FACTOR10_V1,0.0,0.0,0.0,0.0
FACTOR9_V3,0.0,0.0,0.0,0.0
FACTOR9_V2,0.0,0.0,0.0,0.0
FACTOR10_V4,0.0,0.0,0.0,0.0
FACTOR10_V2,0.0,0.0,0.0,0.0
FACTOR4_V18,0.0,0.0,0.0,0.0
FACTOR4_V20,0.0,0.0,0.0,0.0
FACTOR4_V5,0.0,0.0,0.0,0.0
FACTOR4_V14,0.0,0.0,0.0,0.0
FACTOR4_V15,0.0,0.0,0.0,0.0
FACTOR4_V16,0.0,0.0,0.0,0.0
FACTOR13_V11,0.0,0.0,0.0,0.0
FACTOR13_V10,0.0,0.0,0.0,0.0
FACTOR12_V2,0.0,0.0,0.0,0.0
FACTOR12_V1,0.0,0.0,0.0,0.0
FACTOR11_V4,0.0,0.0,0.0,0.0
FACTOR11_V5,0.0,0.0,0.0,0.0
FACTOR13_V3,0.0,0.0,0.0,0.0
FACTOR13_V12,0.0,0.0,0.0,0.0
FACTOR13_V9,0.0,0.0,0.0,0.0
FACTOR14_V1,0.0,0.0,0.0,0.0
FACTOR14_V10,0.0,0.0,0.0,0.0
FACTOR13_V2,0.0,0.0,0.0,0.0
FACTOR13_V4,0.0,0.0,0.0,0.0
FACTOR13_V6,0.0,0.0,0.0,0.0
FACTOR13_V7,0.0,0.0,0.0,0.0
FACTOR13_V8,0.0,0.0,0.0,0.0
FACTOR14_V16,0.0,0.0,0.0,0.0
FACTOR14_V17,0.0,0.0,0.0,0.0
FACTOR14_V18,0.0,0.0,0.0,0.0
FACTOR14_V19,0.0,0.0,0.0,0.0
FACTOR14_V2,0.0,0.0,0.0,0.0
FACTOR14_V20,0.0,0.0,0.0,0.0
FACTOR14_V3,0.0,0.0,0.0,0.0
FACTOR14_V4,0.0,0.0,0.0,0.0
FACTOR14_V5,0.0,0.0,0.0,0.0
FACTOR14_V6,0.0,0.0,0.0,0.0
FACTOR14_V7,0.0,0.0,0.0,0.0
FACTOR14_V11,0.0,0.0,0.0,0.0
FACTOR14_V12,0.0,0.0,0.0,0.0
FACTOR14_V13,0.0,0.0,0.0,0.0
FACTOR14_V14,0.0,0.0,0.0,0.0
FACTOR14_V15,0.0,0.0,0.0,0.0
FACTOR15_V12,0.0,0.0,0.0,0.0
FACTOR15_V11,0.0,0.0,0.0,0.0
FACTOR15_V10,0.0,0.0,0.0,0.0
FACTOR14_V9,0.0,0.0,0.0,0.0
FACTOR14_V8,0.0,0.0,0.0,0.0
FACTOR15_V14,0.0,0.0,0.0,0.0
FACTOR15_V17,0.0,0.0,0.0,0.0
FACTOR15_V13,0.0,0.0,0.0,0.0
FACTOR15_V2,0.0,0.0,0.0,0.0
FACTOR15_V19,0.0,0.0,0.0,0.0
FACTOR15_V18,0.0,0.0,0.0,0.0
FACTOR15_V20,0.0,0.0,0.0,0.0
FACTOR15_V6,0.0,0.0,0.0,0.0
FACTOR15_V5,0.0,0.0,0.0,0.0
FACTOR15_V15,0.0,0.0,0.0,0.0
FACTOR15_V16,0.0,0.0,0.0,0.0
FACTOR15_V7,0.0,0.0,0.0,0.0
FACTOR15_V4,0.0,0.0,0.0,0.0
FACTOR15_V8,0.0,0.0,0.0,0.0
FACTOR16_V10,0.0,0.0,0.0,0.0
FACTOR16_V11,0.0,0.0,0.0,0.0
FACTOR16_V12,0.0,0.0,0.0,0.0
FACTOR16_V13,0.0,0.0,0.0,0.0
FACTOR16_V14,0.0,0.0,0.0,0.0
FACTOR16_V15,0.0,0.0,0.0,0.0
FACTOR16_V16,0.0,0.0,0.0,0.0
FACTOR16_V17,0.0,0.0,0.0,0.0
FACTOR16_V2,0.0,0.0,0.0,0.0
FACTOR16_V3,0.0,0.0,0.0,0.0
FACTOR16_V4,0.0,0.0,0.0,0.0
FACTOR16_V5,0.0,0.0,0.0,0.0
FACTOR16_V6,0.0,0.0,0.0,0.0
